<?xml version="1.0" encoding="utf-8"?>
<style title="Fury-Dark" description="" user_selectable="1" base_version_id="2020870" export_version="2">
  <assets/>
  <templates/>
  <properties>
    <property property_name="chromeBg" group_name="color" title="Page chrome background color" description="" property_type="value" value_type="color" depends_on="" value_group="chrome" display_order="6000" addon_id="XF">
      <value>"rgb(23, 30, 41)"</value>
    </property>
    <property property_name="chromeTextColor" group_name="color" title="Page chrome text color" description="" property_type="value" value_type="color" depends_on="" value_group="chrome" display_order="6050" addon_id="XF">
      <value>"@xf-linkColor"</value>
    </property>
    <property property_name="linkColor" group_name="color" title="Link color" description="Basic hyperlinks on standard background colors will use this style" property_type="value" value_type="color" depends_on="" value_group="links" display_order="1000" addon_id="XF">
      <value>"rgb(255, 255, 255)"</value>
    </property>
    <property property_name="memberHeader" group_name="member" title="Member profile header" description="The member profile page's content header is styled with these settings" property_type="css" value_type="" depends_on="" value_group="" display_order="20000" css_components="text,background,border,extra" addon_id="XF">
      <value>{
    "background-color": "@xf-paletteColor5",
    "border-bottom-width": "@xf-borderSize",
    "border-bottom-color": "@xf-borderColorLight"
}</value>
    </property>
    <property property_name="memberTooltipHeader" group_name="member" title="Member tooltip header" description="The member tooltip, which appears when hovering over user names, is styled with these controls" property_type="css" value_type="" depends_on="" value_group="" display_order="20300" css_components="text,background,border,extra" addon_id="XF">
      <value>{
    "background-color": "@xf-paletteColor5",
    "border-bottom-width": "@xf-borderSize",
    "border-bottom-color": "@xf-borderColorLight"
}</value>
    </property>
    <property property_name="pageBg" group_name="color" title="Page background color" description="The background of the page itself, on which all other content rests" property_type="value" value_type="color" depends_on="" value_group="contentBackground" display_order="2100" addon_id="XF">
      <value>"rgb(23, 30, 41)"</value>
    </property>
    <property property_name="paletteColor2" group_name="palette" title="Color 2" description="" property_type="value" value_type="color" depends_on="" value_group="primary" display_order="1100" addon_id="XF">
      <value_parameters>hidePalette=true</value_parameters>
      <value>"rgb(49, 67, 93)"</value>
    </property>
    <property property_name="paletteColor4" group_name="palette" title="Color 4" description="" property_type="value" value_type="color" depends_on="" value_group="primary" display_order="1300" addon_id="XF">
      <value_parameters>hidePalette=true</value_parameters>
      <value>"rgb(49, 67, 93)"</value>
    </property>
    <property property_name="paletteColor5" group_name="palette" title="Color 5" description="" property_type="value" value_type="color" depends_on="" value_group="primary" display_order="1400" addon_id="XF">
      <value_parameters>hidePalette=true</value_parameters>
      <value>"rgb(23, 30, 41)"</value>
    </property>
    <property property_name="paletteNeutral1" group_name="palette" title="Neutral 1" description="" property_type="value" value_type="color" depends_on="" value_group="neutral" display_order="3000" addon_id="XF">
      <value_parameters>hidePalette=true</value_parameters>
      <value>"rgb(31, 43, 59)"</value>
    </property>
    <property property_name="paletteNeutral3" group_name="palette" title="Neutral 3" description="" property_type="value" value_type="color" depends_on="" value_group="neutral" display_order="3200" addon_id="XF">
      <value_parameters>hidePalette=true</value_parameters>
      <value>"rgb(255, 255, 255)"</value>
    </property>
    <property property_name="standaloneTabSelected" group_name="tab" title="Standalone tabs - selected tab" description="The selected tab in groups that are not part of block headers" property_type="css" value_type="" depends_on="" value_group="" display_order="20100" css_components="text,background,border_color_simple,extra" addon_id="XF">
      <value>{
    "color": "@xf-textColor",
    "border-color": "@xf-paletteAccent1"
}</value>
    </property>
    <property property_name="styleType" group_name="palette" title="Style type" description="This defines the general type of style in use based on whether the content is placed on a light or dark background. This may change how colors are selected in certain scenarios." property_type="value" value_type="radio" depends_on="" value_group="setup" display_order="100" addon_id="XF">
      <value_parameters>light={{ phrase('light') }}
dark={{ phrase('dark') }}</value_parameters>
      <value>"dark"</value>
    </property>
    <property property_name="textColorAccentContent" group_name="color" title="Accented content text color" description="" property_type="value" value_type="color" depends_on="" value_group="textOther" display_order="3200" addon_id="XF">
      <value>"@xf-textColor"</value>
    </property>
    <property property_name="textColorEmphasized" group_name="color" title="Emphasized text color" description="" property_type="value" value_type="color" depends_on="" value_group="textOther" display_order="3100" addon_id="XF">
      <value>"@xf-textColor"</value>
    </property>
  </properties>
</style>
