<?xml version="1.0" encoding="utf-8"?>
<style title="Fury--gridNode" description="" user_selectable="1" base_version_id="2020870" export_version="2">
  <assets/>
  <templates>
    <template title="forum_view" type="public" addon_id="XF" version_id="2020670" version_string="2.2.6"><![CDATA[<xf:title page="{$page}">{$forum.Node.title}</xf:title>
<xf:description>{$forum.Node.description|raw}</xf:description>

<xf:css src="structured_list.less" />

<xf:if is="!$forum.isSearchEngineIndexable()">
	<xf:head option="metaNoindex"><meta name="robots" content="noindex" /></xf:head>
</xf:if>

<xf:macro template="metadata_macros" name="canonical_url"
	arg-canonicalUrl="{{ link('canonical:forums', $forum, $canonicalFilters + {'page': $page}) }}" />

<xf:head option="rss_forum"><link rel="alternate" type="application/rss+xml" title="{{ phrase('rss_feed_for_x', {'title': $forum.title})|for_attr }}" href="{{ link('forums/index.rss', $forum) }}" /></xf:head>

<xf:macro template="forum_macros" name="forum_page_options" arg-forum="{$forum}" />
<xf:breadcrumb source="$forum.getBreadcrumbs(false)" />

<xf:pageaction if="$forum.canCreateThread() OR $forum.canCreateThreadPreReg()">
	<xf:button href="{{ link('forums/post-thread', $forum) }}" class="button--cta" icon="write" rel="nofollow">
		{{ phrase('post_thread') }}
	</xf:button>
</xf:pageaction>

<xf:if is="$pendingApproval">
	<div class="blockMessage blockMessage--important">{{ phrase('content_submitted_displayed_pending_approval') }}</div>
</xf:if>

<xf:extension name="above_node_list"></xf:extension>

<xf:if is="$nodeTree">
	<xf:ad position="forum_view_above_node_list" arg-forum="{$forum}" />
	<div class="block">
		<div class="block-container block-container--none">
			<div class="block-body">
				<xf:macro template="forum_list" name="node_list"
					arg-children="{$nodeTree}"
					arg-extras="{$nodeExtras}"
					arg-depth="2" />
			</div>
		</div>
	</div>
	<xf:ad position="forum_view_below_node_list" arg-forum="{$forum}" />
</xf:if>

<xf:if is="$canInlineMod">
	<xf:js src="xf/inline_mod.js" min="1" />
</xf:if>

<xf:extension name="above_thread_list"></xf:extension>
<xf:ad position="forum_view_above_thread_list" arg-forum="{$forum}" />

<xf:extension name="thread_list_block_classes" value="" />
<div class="block {{ extension_value('thread_list_block_classes') }}" data-xf-init="{{ $canInlineMod ? 'inline-mod' : '' }}" data-type="thread" data-href="{{ link('inline-mod') }}">

	<div class="block-outer"><xf:trim>
		<xf:pagenav page="{$page}" perpage="{$perPage}" total="{$total}"
			link="forums" data="{$forum}" params="{$filters}"
			wrapperclass="block-outer-main" />
		<xf:if contentcheck="true">
			<div class="block-outer-opposite">
				<div class="buttonGroup">
				<xf:contentcheck>
					<xf:if is="$canInlineMod">
						<xf:macro template="inline_mod_macros" name="button" />
					</xf:if>
					<xf:if is="$xf.visitor.user_id">
						<xf:button href="{{ link('forums/mark-read', $forum, {'date': $xf.time}) }}"
							class="button--link" overlay="true">
							{{ phrase('mark_read') }}
						</xf:button>
					</xf:if>
					<xf:if is="$forum.canWatch()">
						<xf:button href="{{ link('forums/watch', $forum) }}" class="button--link"
							data-xf-click="switch-overlay"
							data-sk-watch="{{ phrase('watch') }}"
							data-sk-unwatch="{{ phrase('unwatch') }}">
							<xf:if is="{$forum.Watch.{$xf.visitor.user_id}}">{{ phrase('unwatch') }}<xf:else />{{ phrase('watch') }}</xf:if>
						</xf:button>
					</xf:if>
				</xf:contentcheck>
				</div>
			</div>
		</xf:if>
	</xf:trim></div>

	<div class="block-container">

		<xf:extension name="thread_list_header">
			<div class="block-filterBar">
				<div class="filterBar">
					<xf:if contentcheck="true">
						<ul class="filterBar-filters">
						<xf:contentcheck>
							<xf:extension name="filters">
								<xf:macro name="filters"
									arg-forum="{$forum}"
									arg-filters="{$filters}"
									arg-starterFilter="{$starterFilter}"
									arg-threadTypeFilter="{$threadTypeFilter}" />
							</xf:extension>
						</xf:contentcheck>
						</ul>
					</xf:if>

					<a class="filterBar-menuTrigger" data-xf-click="menu" role="button" tabindex="0" aria-expanded="false" aria-haspopup="true">{{ phrase('filters') }}</a>
					<div class="menu menu--wide" data-menu="menu" aria-hidden="true"
						data-href="{{ link('forums/filters', $forum, $filters) }}"
						data-load-target=".js-filterMenuBody">
						<div class="menu-content">
							<h4 class="menu-header">{{ phrase('show_only:') }}</h4>
							<div class="js-filterMenuBody">
								<div class="menu-row">{{ phrase('loading...') }}</div>
							</div>
						</div>
					</div>
				</div>
			</div>
		</xf:extension>

		<xf:set var="$qtPos">{{ ($sortInfo.order == 'last_post_date' && $sortInfo.direction == 'asc') ? 'bottom' : 'top' }}</xf:set>

		<div class="block-body">
			<xf:extension name="thread_list">
				<div class="structItemContainer">
					<xf:macro name="{{ $templateOverrides.quick_thread_macro ?: 'thread_list_macros::quick_thread' }}"
						arg-forum="{$forum}"
						arg-page="{$page}"
						arg-order="{$sortInfo.order}"
						arg-direction="{$sortInfo.direction}"
						arg-prefixes="{$quickThreadPrefixes}"
						args="{$templateOverrides.quick_thread_macro_args}" />
					
					<xf:if is="property('dt_disc_minor_header')">
						<div class="discu-minorHeader">
							<span class="discu-minorHeader--main">{{ phrase('title') }}</span>
							<span class="discu-minorHeader--stats">{{ phrase('replies') }}</span>
							<span class="discu-minorHeader--stats">{{ phrase('views') }}</span>
							<span class="discu-minorHeader--last">{{ phrase('latest') }}</span>
						</div>
					</xf:if>

					<xf:if is="$stickyThreads is not empty OR $threads is not empty">
						<xf:if is="$stickyThreads is not empty">
							<xf:if is="{{ property('dt_collaps_sticky_threads') }}">
								<h3 class="block-minorHeader block-stickyHeader">
									{{ phrase('sticky') }}
									<span id="collapse-{$forum.node_id}" 
										  class="collapseTrigger {{ !is_toggled('_dtstthr-' . $forum.node_id) ? ' is-active' : '' }}"
										  title="Toggle Visibilty" 
										  data-xf-click="toggle" 
										  data-xf-init="toggle-storage" 
										  data-storage-type="cookie" 
										  data-target=".stickyItemContainer" 
										  data-storage-key="_dtstthr-{$forum.node_id}">
									</span>
								</h3>
							</xf:if>
							<div class="stickyItemContainer {{ !is_toggled('_dtstthr-' . $forum.node_id) ? ' is-active' : '' }}">
								<div class="structItemContainer-group structItemContainer-group--sticky">
									<xf:foreach loop="$stickyThreads" value="$thread">
										<xf:macro name="{{ $templateOverrides.thread_list_macro ?: 'thread_list_macros::item' }}"
											arg-thread="{$thread}"
											arg-forum="{$forum}"
											args="{$templateOverrides.thread_list_macro_args}" />
									</xf:foreach>
								</div>
							</div>
							
							<xf:if is="property('dt_seperate_sticky_threads')">
								<xf:if is="{$stickyThreads}">
									<hr class="stickySeparator"/>
								</xf:if>
							</xf:if>

							<xf:ad position="forum_view_below_stickies" arg-forum="{$forum}" />
						</xf:if>

						<div class="structItemContainer-group js-threadList">
							<xf:if is="$threads is not empty">
								<xf:foreach loop="$threads" value="$thread">
									<xf:macro name="{{ $templateOverrides.thread_list_macro ?: 'thread_list_macros::item' }}"
										arg-thread="{$thread}"
										arg-forum="{$forum}"
										args="{$templateOverrides.thread_list_macro_args}"  />
								</xf:foreach>
								<xf:if is="$showDateLimitDisabler">
									<xf:macro name="date_limit_disabler" arg-forum="{$forum}" arg-page="{$page}" arg-filters="{$filters}" />
								</xf:if>
							</xf:if>
						</div>
					<xf:elseif is="$filters" />
						<div class="structItemContainer-group js-threadList">
							<div class="structItem js-emptyThreadList">
								<div class="structItem-cell">{{ phrase('there_no_threads_matching_your_filters') }}</div>
							</div>
							<xf:if is="$showDateLimitDisabler">
								<xf:macro name="date_limit_disabler" arg-forum="{$forum}" arg-page="{$page}" arg-filters="{$filters}" />
							</xf:if>
						</div>
					<xf:else />
						<div class="structItemContainer-group js-threadList">
							<xf:if is="$showDateLimitDisabler">
								<div class="structItem js-emptyThreadList">
									<div class="structItem-cell">{{ phrase('there_no_threads_to_display') }}</div>
								</div>
								<xf:macro name="date_limit_disabler" arg-forum="{$forum}" arg-page="{$page}" arg-filters="{$filters}" />
							<xf:else />
								<div class="structItem js-emptyThreadList">
									<div class="structItem-cell">{{ phrase('there_no_threads_in_this_forum') }}</div>
								</div>
							</xf:if>
						</div>
					</xf:if>
				</div>
			</xf:extension>
		</div>
	</div>

	<div class="block-outer block-outer--after">
		<xf:pagenav
			page="{$page}" perpage="{$perPage}" total="{$total}"
			link="forums" data="{$forum}" params="{$filters}"
			wrapperclass="block-outer-main" />
		<xf:showignored wrapperclass="block-outer-opposite" />
		<xf:if is="!$forum.canCreateThread() AND !$forum.canCreateThreadPreReg()">
			<div class="block-outer-opposite">
				<xf:if is="$xf.visitor.user_id">
					<span class="button button--wrap is-disabled">
						{{ phrase('no_permission_to_post') }}
						<!-- this is not interactive so shouldn't be a button element -->
					</span>
				<xf:else />
					<xf:button href="{{ link('login') }}" class="button--link button--wrap" overlay="true">
						{{ phrase('log_in_or_register_to_post') }}
					</xf:button>
				</xf:if>
			</div>
		</xf:if>
	</div>
</div>

<xf:ad position="forum_view_below_thread_list" arg-forum="{$forum}" />
<xf:extension name="below_thread_list"></xf:extension>

<xf:widgetpos id="forum_view_sidebar" context-forum="{$forum}" position="sidebar" />

<xf:macro name="filters" arg-forum="!" arg-filters="!" arg-starterFilter="{{ null }}" arg-threadTypeFilter="{{ null }}">
	<xf:set var="$dateLimits" value="{{ {
		'-1': phrase('any_time'),
		'7': phrase('x_days', {'days': '7'}),
		'14': phrase('x_days', {'days': '14'}),
		'30': phrase('x_days', {'days': '30'}),
		'60': phrase('x_months', {'months': '2'}),
		'90': phrase('x_months', {'months': '3'}),
		'182': phrase('x_months', {'months': '6'}),
		'365': phrase('1_year')
	} }}" />

	<xf:extension name="start"></xf:extension>

	<xf:extension name="prefix_id">
		<xf:if is="$filters.prefix_id">
			<li><a href="{{ link('forums', $forum, $filters|replace('prefix_id', null)) }}"
				class="filterBar-filterToggle" data-xf-init="tooltip" title="{{ phrase('remove_this_filter')|for_attr }}">
				<span class="filterBar-filterToggle-label">{{ phrase('prefix:') }}</span>
				{{ prefix_title('thread', $filters.prefix_id) }}</a></li>
		</xf:if>
	</xf:extension>

	<xf:extension name="starter_id">
		<xf:if is="$filters.starter_id AND $starterFilter">
			<li><a href="{{ link('forums', $forum, $filters|replace('starter_id', null)) }}"
				class="filterBar-filterToggle" data-xf-init="tooltip" title="{{ phrase('remove_this_filter')|for_attr }}">
				<span class="filterBar-filterToggle-label">{{ phrase('started_by:') }}</span>
				{$starterFilter.username}</a></li>
		</xf:if>
	</xf:extension>

	<xf:extension name="thread_type">
		<xf:if is="$filters.thread_type && $threadTypeFilter">
			<li><a href="{{ link('forums', $forum, $filters|replace('thread_type', null)) }}"
				class="filterBar-filterToggle" data-xf-init="tooltip" title="{{ phrase('remove_this_filter')|for_attr }}">
				<span class="filterBar-filterToggle-label">{{ phrase('thread_type_filter:') }}</span>
				{{ $threadTypeFilter.getTypeTitle() }}</a></li>
		</xf:if>
	</xf:extension>

	<xf:extension name="last_days">
		<xf:if is="$filters.last_days AND {$dateLimits.{$filters.last_days}}">
			<li><a href="{{ link('forums', $forum, $filters|replace('last_days', null)) }}"
				class="filterBar-filterToggle" data-xf-init="tooltip" title="{{ phrase('remove_this_filter')|for_attr }}">
				<span class="filterBar-filterToggle-label">{{ phrase('last_updated:') }}</span>
				{$dateLimits.{$filters.last_days}}</a></li>
		</xf:if>
	</xf:extension>

	<xf:extension name="order">
		<xf:if is="$filters.order">
			<li><a href="{{ link('forums', $forum, $filters|replace({'order': null, 'direction': null})) }}"
				class="filterBar-filterToggle" data-xf-init="tooltip" title="{{ phrase('return_to_default_order')|for_attr }}">
				<span class="filterBar-filterToggle-label">{{ phrase('sort_by:') }}</span>
				{{ phrase_dynamic('forum_sort.' . $filters.order) }}
				<xf:fa icon="{{ $filters.direction == 'asc' ? 'fa-angle-up' : 'fa-angle-down' }}" />
				<span class="u-srOnly"><xf:if is="$filters.direction == 'asc'">{{ phrase('ascending') }}<xf:else />{{ phrase('descending') }}</xf:if></span>
			</a></li>
		</xf:if>
	</xf:extension>

	<xf:extension name="end"></xf:extension>
</xf:macro>

<xf:macro name="date_limit_disabler" arg-forum="!" arg-page="!" arg-filters="!">
	<div class="structItem structItem--note">
		<div class="structItem-cell">
			<a href="{{ link('forums', $forum, {'page': $page, 'no_date_limit': 1} + $filters) }}">
				{{ phrase('show_older_items') }}
			</a>
		</div>
	</div>
</xf:macro>]]></template>
    <template title="node_list.less" type="public" addon_id="XF" version_id="2020371" version_string="2.2.3 Patch 1"><![CDATA[@_nodeList-statsCellBreakpoint: 1000px;

@media (min-width: @xf-responsiveMedium) and (max-width: 1300px) {
	.block.block--category {
		.block-body {
			display: flex;
			flex-wrap: wrap;
			align-items: stretch;
		}
		.node {
			flex: 0 0 50%;
			max-width: 50%;
		}
	}
	.template-forum_view
	{
		.p-body-pageContent
		{
			.block-body
			{
				display: flex;
				flex-wrap: wrap;
				align-items: stretch;
				
				.node {
					flex: 0 0 50%;
					max-width: 50%;
				}
			}
		}
	}
}
@media (min-width: 1300px)
{
	.block.block--category {
		.block-body {
			display: flex;
			flex-wrap: wrap;
			align-items: stretch;
		}
		.node {
			flex: 0 0 33.333%;
			max-width: 33.333%;
		}
	}
	.template-forum_view
	{
		.p-body-pageContent
		{
			.block-body
			{
				display: flex;
				flex-wrap: wrap;
				align-items: stretch;
				
				.node {
					flex: 0 0 33.333%;
					max-width: 33.333%;
				}
			}
		}
	}
}

.node
{
	padding: @xf-paddingLarge;
}

.node-body
{
	.xf-contentBase();
	padding: @xf-paddingLargest;
	border-radius: @xf-blockBorderRadius;
	box-shadow: 0 0 40px 0 #edf0f5;
	.m-transition();
}

.node-top
{
	position: relative;
	border-radius: @xf-blockBorderRadius;
	overflow: hidden;
	
	@media (min-width: @xf-responsiveMedium)
	{
		transform: translate(-8px, -8px);
		.m-transition();
	}
}

.node-icon
{
	display: block;
	height: 220px;
	background: @xf-nodeIconReadColor;
	text-align: center;
	border-radius: @xf-blockBorderRadius;
	
	.node--unread &
	{
		background: @xf-nodeIconUnreadColor;
	}

	i
	{
		display: block;
		line-height: 220px;
		font-size: 38px;

		&:before
		{
			.m-faBase();

			color: @xf-textColorEmphasized;
		}

		.node--category &:before
		{
			.m-faContent(@fa-var-{{ property('dt_node_icon') }}, 1em);
		}

		.node--search &::before
		{
			.m-faContent(@fa-var-search);
		}

		.node--page &:before
		{
			.m-faContent(@fa-var-{{ property('dt_page_node_icon') }}, .86em);
		}

		.node--link &:before
		{
			.m-faContent(@fa-var-{{ property('dt_link_node_icon') }}, .93em);
		}
	}
}

.node-img
{
	display: block;
	width: 100%;
	height: 220px;
	background-color: @xf-nodeIconReadColor;
	background-repeat: no-repeat;
	background-position: center;
	background-size: cover;
	border-radius: @xf-blockBorderRadius;
}

.node-main
{
	padding: @xf-paddingLarge 0;
}

.node-statsMeta
{
	> dl.pairs
	{
		background: @xf-contentAltBg;
		padding: 4px 8px;
		border-radius: 5px;
		margin-right: @xf-paddingMedium;
		
		> dt
		{
			font-size: @xf-fontSizeSmall;
			
			&::after
			{
				display: none;
			}
		}
		
		> dd
		{
			font-size: @xf-fontSizeSmall;
		}
	}
}

.node-stats
{
	display: none;
	text-align: center;
	padding: @xf-paddingMedium 0 0;
	overflow: hidden;

	> dl.pairs.pairs--rows
	{
		width: 50%;
		float: left;
		margin: 0;
		padding: 0 @xf-paddingMedium/2;

		&:first-child
		{
			padding-left: 0;
		}

		&:last-child
		{
			padding-right: 0;
		}
		
		> dt
		{
			text-transform: uppercase;
		}
	}

	&.node-stats--single
	{
		width: 100px;

		> dl.pairs.pairs--rows
		{
			width: 100%;
			float: none;
		}
	}

	&.node-stats--triple
	{
		width: 240px;

		> dl.pairs.pairs--rows
		{
			width: 33.333%;
		}
	}

	@media (max-width: @_nodeList-statsCellBreakpoint)
	{

	}
}

@_nodeExtra-avatarSize: 28px;

.node-extra
{
	position: absolute;
	left: 0;
	bottom: 0;
	width: 100%;
	background: linear-gradient(to bottom,rgba(51,49,46,0.4) 0%,rgba(51,49,46,0.5) 30%,rgba(51,49,46,0.9));
	color: @xf-textColorEmphasized;
	padding: @xf-paddingMedium @xf-paddingLarge;
	font-size: @xf-fontSizeSmall;
}

.node-extra-row
{
	.m-overflowEllipsis();
	color: @xf-textColorEmphasized;
	
	a
	{
		color: inherit;
	}
}

.node-extra-icon
{
	padding-top: 5px;
	padding-right: @xf-paddingLarge;
	float: left;

	.avatar
	{
		.m-avatarSize(@_nodeExtra-avatarSize);
	}
}

.node-title
{
	margin: 0;
	padding: 0;
	font-size: @xf-fontSizeLarger;
	font-weight: @xf-fontWeightNormal;

	.node--unread &
	{
		font-weight: @xf-fontWeightHeavy;
	}
}

.node-description
{
	font-size: @xf-fontSizeSmall;
	color: @xf-textColorDimmed;

	&.node-description--tooltip
	{
		.has-js:not(.has-touchevents) &
		{
			display: none;
		}
	}
}

.node-meta
{
	font-size: @xf-fontSizeSmall;
}

.node-bonus
{
	font-size: @xf-fontSizeSmall;
	color: @xf-textColorMuted;
	text-align: right;
}

.node-subNodesFlat
{
	font-size: @xf-fontSizeSmall;
	margin-top: .3em;

	.node-subNodesLabel
	{
		display: none;
	}
}

.node-subNodeMenu
{
	display: inline;

	.menuTrigger
	{
		color: @xf-textColorMuted;
	}
}

.node-body:hover
{
	.node-top
	{
		@media (min-width: @xf-responsiveMedium)
		{
			transform: translate(0, 0);
		}
	}
}

@media (max-width: @xf-responsiveMedium)
{
	.node-main
	{
		display: block;
		width: auto;

		.node--link &,
		.node--page &
		{
			// #168882: we only display the title for these types
			// so keep these as table-cells for vertical alignment
			display: table-cell;
		}
	}

	.node-extra
	{
		display: block;
		width: auto;
		// this gives an equivalent of medium padding between main and extra, with main still having large
	}

	.node-extra-row
	{
		display: inline-block;
		vertical-align: top;
		max-width: 100%;
	}

	.node-extra-icon
	{
		display: none;
	}

	.node-description,
	.node-stats,
	.node-subNodesFlat
	{
		display: none;
	}
}

@media (max-width: @xf-responsiveNarrow)
{
	.node-subNodeMenu
	{
		display: none;
	}
}

.subNodeLink
{
	&:before,
	.subNodeLink-icon
	{
		display: inline-block;
		width: 1.28571429em;
		margin-right: .3em;
		text-decoration: none;
		text-align: center;

		color: @xf-nodeIconReadColor;
	}

	&:before
	{
		.m-faBase();
	}

	&:hover:before
	{
		&:before,
		.subNodeLink-icon
		{
			text-decoration: none;
		}
	}

	&.subNodeLink--unread
	{
		font-weight: @xf-fontWeightHeavy;

		&:before,
		.subNodeLink-icon
		{
			color: @xf-nodeIconUnreadColor;
		}
	}

	&.subNodeLink--category:before
	{
		.m-faContent(@fa-var-comments);
	}

	&.subNodeLink--page:before
	{
		.m-faContent(@fa-var-file-alt);
	}

	&.subNodeLink--link:before
	{
		.m-faContent(@fa-var-link);
	}

	&.subNodeLink--search::before
	{
		.m-faContent(@fa-var-search);
	}
}

.node-subNodeFlatList
{
	.m-listPlain();
	.m-clearFix();

	> li
	{
		display: inline-block;
		margin-right: 1em;

		&:last-child
		{
			margin-right: 0;
		}
	}

	ol,
	ul,
	.node-subNodes
	{
		display: none;
	}
}

.subNodeMenu
{
	.m-listPlain();

	ol,
	ul
	{
		.m-listPlain();
	}

	.subNodeLink
	{
		display: block;
		padding: @xf-blockPaddingV @xf-blockPaddingH;
		color: @xf-menuLinkRow--color;
		text-decoration: none;
		cursor: pointer;

		&:hover
		{
			.xf-menuLinkRowSelected();
		}
	}

	li li .subNodeLink { padding-left: 1.5em; }
	li li li .subNodeLink { padding-left: 3em; }
	li li li li .subNodeLink { padding-left: 4.5em; }
	li li li li li .subNodeLink { padding-left: 6em; }
	li li li li li li .subNodeLink { padding-left: 7.5em; }
}]]></template>
    <template title="node_list_category" type="public" addon_id="XF" version_id="2010470" version_string="2.1.4"><![CDATA[<xf:macro name="depth1" arg-node="!" arg-extras="!" arg-children="!" arg-childExtras="!" arg-depth="1">
	<div class="block block--category block--category{$node.node_id}">
		<span class="u-anchorTarget" id="{$node.Data.getCategoryAnchor()}"></span>
		<div class="block-container">
			<h2 class="block-header">
				
				<xf:if is="property('dt_cat_description') == 'option3' && {$node.description}">
					<a href="{{ link('categories', $node) }}" data-xf-init="tooltip" title="{$node.description|raw}">{$node.title}</a>
				<xf:else />
					<a href="{{ link('categories', $node) }}">{$node.title}</a>
				</xf:if>
				
				<xf:if is="property('dt_cat_description') != 'option3' && {$node.description}"><span class="block-desc">{$node.description|raw}</span></xf:if>
				
				<xf:if is="property('dt_collapsible_categories')">
					<span id="collapse-{$node.node_id}" class="collapseTrigger collapseTrigger--block {{ !is_toggled('_node-' . $node.node_id) ? ' is-active' : '' }}" title="Toggle Visibilty" data-xf-click="toggle" data-xf-init="toggle-storage" data-storage-type="cookie" data-target=".block--category{$node.node_id} .block-body" data-storage-key="_node-{$node.node_id}"></span>
				</xf:if>
			</h2>
	
			<xf:if is="property('dt_collapsible_categories')">
				<div class="block-body block-body--collapsible {{ !is_toggled('_node-' . $node.node_id) ? ' is-active' : '' }}">
			<xf:else />
				<div class="block-body">
			</xf:if>
				<xf:macro template="forum_list" name="node_list"
					arg-children="{$children}"
					arg-extras="{$childExtras}"
					arg-depth="{{ $depth + 1 }}" />
			</div>
		</div>
	</div>
</xf:macro>

<xf:macro name="depth2" arg-node="!" arg-extras="!" arg-children="!" arg-childExtras="!" arg-depth="1">
	<div class="node node--id{$node.node_id} node--depth{$depth} node--category {{ $extras.hasNew ? 'node--unread' : 'node--read' }}">
		<div class="node-body">
			<span class="node-icon" aria-hidden="true"><i></i></span>
			<div class="node-main js-nodeMain">
				<xf:set var="$descriptionDisplay" value="{{ property('nodeListDescriptionDisplay') }}" />
				<h3 class="node-title">
					<a href="{{ link('categories', $node) }}" data-xf-init="{{ $descriptionDisplay == 'tooltip' ? 'element-tooltip' : '' }}" data-shortcut="node-description">{$node.title}</a>
				</h3>
				<xf:if is="$descriptionDisplay != 'none' && $node.description">
					<div class="node-description {{ $descriptionDisplay == 'tooltip' ? 'node-description--tooltip js-nodeDescTooltip' : '' }}">{$node.description|raw}</div>
				</xf:if>

				<div class="node-meta">
					<xf:if is="!{$extras.privateInfo}">
						<div class="node-statsMeta">
							<dl class="pairs pairs--inline">
								<dt>{{ phrase('threads') }}</dt>
								<dd>{$extras.discussion_count|number_short(1)}</dd>
							</dl>
							<dl class="pairs pairs--inline">
								<dt>{{ phrase('messages') }}</dt>
								<dd>{$extras.message_count|number_short(1)}</dd>
							</dl>
						</div>
					</xf:if>

					<xf:if is="$depth == 2 AND property('nodeListSubDisplay') == 'menu'">
						<xf:macro template="forum_list" name="sub_nodes_menu"
							arg-children="{$children}"
							arg-childExtras="{$childExtras}"
							arg-depth="{{ $depth + 1 }}" />
					</xf:if>
				</div>

				<xf:if is="$depth == 2 AND property('nodeListSubDisplay') == 'flat'">
					<xf:macro template="forum_list" name="sub_nodes_flat"
						arg-children="{$children}"
						arg-childExtras="{$childExtras}"
						arg-depth="{{ $depth + 1 }}" />
				</xf:if>
			</div>

			<xf:if is="!{$extras.privateInfo}">
				<div class="node-stats">
					<dl class="pairs pairs--rows">
						<dt>{{ phrase('threads') }}</dt>
						<dd>{$extras.discussion_count|number_short(1)}</dd>
					</dl>
					<dl class="pairs pairs--rows">
						<dt>{{ phrase('messages') }}</dt>
						<dd>{$extras.message_count|number_short(1)}</dd>
					</dl>
				</div>
			</xf:if>

			<div class="node-extra">
				<xf:if is="{$extras.privateInfo}">
					<span class="node-extra-placeholder">{{ phrase('private') }}</span>
				<xf:elseif is="{$extras.LastThread}" />
					<div class="node-extra-icon">
						<xf:if is="$xf.visitor.isIgnoring($extras.last_post_user_id)">
							<xf:avatar user="{{ null }}" size="xs" />
						<xf:else />
							<xf:avatar user="{$extras.LastPostUser}" defaultname="{$extras.last_post_username}" size="xs" />
						</xf:if>
					</div>
					<div class="node-extra-row">
						<xf:if is="$extras.LastThread.isUnread()">
							<a href="{{ link('threads/unread', $extras.LastThread) }}" class="node-extra-title" title="{$extras.LastThread.title}">{{ prefix('thread', $extras.LastThread) }}{$extras.LastThread.title}</a>
						<xf:else />
							<a href="{{ link('threads/post', $extras.LastThread, {'post_id': $extras.last_post_id}) }}" class="node-extra-title" title="{$extras.LastThread.title}">{{ prefix('thread', $extras.LastThread) }}{$extras.LastThread.title}</a>
						</xf:if>
					</div>
					<div class="node-extra-row">
						<ul class="listInline listInline--bullet">
							<li class="node-extra-date"><xf:date time="{$extras.last_post_date}" /></li>
							<xf:if is="$xf.visitor.isIgnoring($extras.last_post_user_id)">
								<li class="node-extra-user">{{ phrase('ignored_member') }}</li>
							<xf:else />
								<li class="node-extra-user"><xf:username user="{$extras.LastPostUser}" defaultname="{$extras.last_post_username}" /></li>
							</xf:if>
						</ul>
					</div>
				<xf:else />
					<span class="node-extra-placeholder">{{ phrase('none') }}</span>
				</xf:if>
			</div>
		</div>
	</div>
</xf:macro>

<xf:macro name="depthN" arg-node="!" arg-extras="!" arg-children="!" arg-childExtras="!" arg-depth="1">
	<li>
		<a href="{{ link('categories', $node) }}" class="subNodeLink subNodeLink--category {{ $extras.hasNew ? 'subNodeLink--unread' : '' }}">{$node.title}</a>
		<xf:macro template="forum_list" name="sub_node_list"
			arg-children="{$children}"
			arg-childExtras="{$childExtras}"
			arg-depth="{{ $depth + 1 }}" />
	</li>
</xf:macro>]]></template>
    <template title="node_list_forum" type="public" addon_id="XF" version_id="2020671" version_string="2.2.6 Patch 1"><![CDATA[<xf:macro name="depth1" arg-node="!" arg-extras="!" arg-children="!" arg-childExtras="!" arg-depth="1">
	<div class="block">
		<div class="block-container">
			<div class="block-body">
				<xf:macro name="forum"
					arg-node="{$node}"
					arg-extras="{$extras}"
					arg-children="{$children}"
					arg-childExtras="{$childExtras}"
					arg-depth="{$depth}" />
			</div>
		</div>
	</div>
</xf:macro>

<xf:macro name="depth2" arg-node="!" arg-extras="!" arg-children="!" arg-childExtras="!" arg-depth="1">
	<xf:macro name="forum"
		arg-node="{$node}"
		arg-extras="{$extras}"
		arg-children="{$children}"
		arg-childExtras="{$childExtras}"
		arg-depth="{$depth}" />
</xf:macro>

<xf:macro name="depthN" arg-node="!" arg-extras="!" arg-children="!" arg-childExtras="!" arg-depth="1">
	<li>
		<a href="{{ link('forums', $node) }}" class="subNodeLink subNodeLink--forum {{ $extras.hasNew ? 'subNodeLink--unread' : '' }}">
			<xf:fa icon="{{ $node.Data.TypeHandler.getTypeIconClass() ?: 'fa-comments' }}" class="subNodeLink-icon" />{$node.title}
		</a>
		<xf:macro template="forum_list" name="sub_node_list"
			arg-children="{$children}"
			arg-childExtras="{$childExtras}"
			arg-depth="{{ $depth + 1 }}" />
	</li>
</xf:macro>

<xf:macro name="forum"
	arg-node="!"
	arg-extras="!"
	arg-children="!"
	arg-childExtras="!"
	arg-depth="!"
	arg-chooseName=""
	arg-bonusInfo="">

	<div class="node node--id{$node.node_id} node--depth{$depth} node--forum {{ $extras.hasNew ? 'node--unread' : 'node--read' }}">
		<div class="node-body">
			<div class="node-top">
				<xf:if is="property('dt_node_background')">
					<span class="node-img" style="background-image: url('{$xf.options.boardUrl}/{$node.node_background}')"></span>
				<xf:else />
					<span class="node-icon" aria-hidden="true">
					<xf:fa icon="{{ $node.Data.TypeHandler.getTypeIconClass() ?: 'fa-comments' }}" />
				</span>
				</xf:if>
				
				<div class="node-extra">
					<xf:if is="{$extras.privateInfo}">
						<span class="node-extra-placeholder">{{ phrase('private') }}</span>
					<xf:elseif is="{$extras.LastThread}" />
						<div class="node-extra-icon">
							<xf:if is="$xf.visitor.isIgnoring($extras.last_post_user_id)">
								<xf:avatar user="{{ null }}" size="xs" />
							<xf:else />
								<xf:avatar user="{$extras.LastPostUser}" defaultname="{$extras.last_post_username}" size="xs" />
							</xf:if>
						</div>
						<div class="node-extra-row">
							<xf:if is="$extras.LastThread.isUnread()">
								<a href="{{ link('threads/unread', $extras.LastThread) }}" class="node-extra-title" title="{$extras.LastThread.title}">{{ prefix('thread', $extras.LastThread) }}{$extras.LastThread.title}</a>
							<xf:else />
								<a href="{{ link('threads/post', $extras.LastThread, {'post_id': $extras.last_post_id}) }}" class="node-extra-title" title="{$extras.LastThread.title}">{{ prefix('thread', $extras.LastThread) }}{$extras.LastThread.title}</a>
							</xf:if>
						</div>
						<div class="node-extra-row">
							<ul class="listInline listInline--bullet">
								<li><xf:date time="{$extras.last_post_date}" class="node-extra-date" /></li>
								<xf:if is="$xf.visitor.isIgnoring($extras.last_post_user_id)">
									<li class="node-extra-user">{{ phrase('ignored_member') }}</li>
								<xf:else />
									<li class="node-extra-user"><xf:username user="{$extras.LastPostUser}" defaultname="{$extras.last_post_username}" /></li>
								</xf:if>
							</ul>
						</div>
					<xf:else />
						<span class="node-extra-placeholder">{{ phrase('none') }}</span>
					</xf:if>
				</div>
			</div>
			<div class="node-main js-nodeMain">
				<xf:if is="$chooseName">
					<xf:checkbox standalone="true">
						<xf:option labelclass="u-pullRight" class="js-chooseItem" name="{$chooseName}[]" value="{$node.node_id}" />
					</xf:checkbox>
				</xf:if>

				<xf:set var="$descriptionDisplay" value="{{ property('nodeListDescriptionDisplay') }}" />
				<h3 class="node-title">
					<a href="{{ link('forums', $node) }}" data-xf-init="{{ $descriptionDisplay == 'tooltip' ? 'element-tooltip' : '' }}" data-shortcut="node-description">{$node.title}</a>
					<xf:if is="property('dt_new_indicator')"><span class="node--newIndicator">{{ phrase('new') }}</span></xf:if>
				</h3>
				<xf:if is="$descriptionDisplay != 'none' && $node.description">
					<div class="node-description {{ $descriptionDisplay == 'tooltip' ? 'node-description--tooltip js-nodeDescTooltip' : '' }}">{$node.description|raw}</div>
				</xf:if>

				<div class="node-meta">
					<xf:if is="$depth == 2 AND property('nodeListSubDisplay') == 'menu'">
						<xf:macro template="forum_list" name="sub_nodes_menu"
							arg-children="{$children}"
							arg-childExtras="{$childExtras}"
							arg-depth="{{ $depth + 1 }}" />
					</xf:if>
				</div>

				<xf:if is="$depth == 2 AND property('nodeListSubDisplay') == 'flat'">
					<xf:macro template="forum_list" name="sub_nodes_flat"
						arg-children="{$children}"
						arg-childExtras="{$childExtras}"
						arg-depth="{{ $depth + 1 }}" />
				</xf:if>

				<xf:if is="$bonusInfo is not empty">
					<div class="node-bonus">{$bonusInfo}</div>
				</xf:if>
			</div>

			<xf:if is="!{$extras.privateInfo}">
				<div class="node-statsMeta">
					<xf:if is="property('dt_nodestat_simple') AND !property('dt_catstrips_minorheader')">
						<dl class="pairs pairs--inline">
							<dt><xf:fa icon="fa-comment-alt" /></dt>
							<dd>{$extras.discussion_count|number_short(1)}</dd>
						</dl>
					<xf:else />
						<dl class="pairs pairs--inline">
							<dt><xf:fa icon="fa-comment-alt" /></dt>
							<dd>{$extras.discussion_count|number_short(1)}</dd>
						</dl>
						<dl class="pairs pairs--inline">
							<dt><xf:fa icon="fa-comments-alt" /></dt>
							<dd>{$extras.message_count|number_short(1)}</dd>
						</dl>
					</xf:if>
				</div>
				
				<div class="node-stats">
					<xf:if is="property('dt_nodestat_simple') AND !property('dt_catstrips_minorheader')">
						<dl class="pairs pairs--rows">
							<dt>{{ phrase('threads') }}</dt>
							<dd>{$extras.discussion_count|number_short(1)}</dd>
						</dl>
					<xf:else />
						<dl class="pairs pairs--rows">
							<dt>{{ phrase('threads') }}</dt>
							<dd>{$extras.discussion_count|number_short(1)}</dd>
						</dl>
						<dl class="pairs pairs--rows">
							<dt>{{ phrase('messages') }}</dt>
							<dd>{$extras.message_count|number_short(1)}</dd>
						</dl>
					</xf:if>
				</div>
			</xf:if>
		</div>
	</div>

	<xf:if is="{$depth} == 1">
		<xf:macro template="forum_list" name="node_list"
			arg-children="{$children}"
			arg-extras="{$childExtras}"
			arg-depth="{{ $depth + 1 }}" />
	</xf:if>
</xf:macro>]]></template>
    <template title="node_list_search_forum" type="public" addon_id="XF" version_id="2020671" version_string="2.2.6 Patch 1"><![CDATA[<xf:macro name="depth1"
	arg-node="!"
	arg-extras="!"
	arg-children="!"
	arg-childExtras="!"
	arg-depth="1">

	<div class="block">
		<div class="block-container">
			<div class="block-body">
				<xf:macro name="search_forum"
					arg-node="{$node}"
					arg-extras="{$extras}"
					arg-children="{$children}"
					arg-childExtras="{$childExtras}"
					arg-depth="{$depth}" />
			</div>
		</div>
	</div>
</xf:macro>

<xf:macro name="depth2"
	arg-node="!"
	arg-extras="!"
	arg-children="!"
	arg-childExtras="!"
	arg-depth="1">

	<xf:macro name="search_forum"
		arg-node="{$node}"
		arg-extras="{$extras}"
		arg-children="{$children}"
		arg-childExtras="{$childExtras}"
		arg-depth="{$depth}" />
</xf:macro>

<xf:macro name="depthN"
	arg-node="!"
	arg-extras="!"
	arg-children="!"
	arg-childExtras="!"
	arg-depth="1">

	<li>
		<a href="{{ link('search-forums', $node) }}" class="subNodeLink subNodeLink--search">{$node.title}</a>

		<xf:macro template="forum_list" name="sub_node_list"
			arg-children="{$children}"
			arg-childExtras="{$childExtras}"
			arg-depth="{{ $depth + 1 }}" />
	</li>
</xf:macro>

<xf:macro name="search_forum"
	arg-node="!"
	arg-extras="!"
	arg-children="{$children}"
	arg-childExtras="{$childExtras}"
	arg-depth="!">

	<div class="node node--id{$node.node_id} node--depth{$depth} node--search">
		<div class="node-body">
			<div class="node-top">
				<span class="node-icon" aria-hidden="true"><i></i></span>
				<div class="node-extra">
					<xf:if is="$extras.discussion_count">
						<xf:if is="$extras.LastThread">
							<div class="node-extra-icon">
								<xf:if is="$xf.visitor.isIgnoring($extras.last_post_user_id)">
									<xf:avatar user="{{ null }}" size="xs" />
								<xf:else />
									<xf:avatar user="{$extras.LastPostUser}" defaultname="{$extras.last_post_username}" size="xs" />
								</xf:if>
							</div>

							<div class="node-extra-row">
								<xf:if is="$extras.LastThread.isUnread()">
									<a href="{{ link('threads/unread', $extras.LastThread) }}" class="node-extra-title" title="{$extras.LastThread.title}">
										{{ prefix('thread', $extras.LastThread) }}{$extras.LastThread.title}
									</a>
								<xf:else />
									<a href="{{ link('threads/post', $extras.LastThread, {'post_id': $extras.last_post_id}) }}" class="node-extra-title" title="{$extras.LastThread.title}">
										{{ prefix('thread', $extras.LastThread) }}{$extras.LastThread.title}
									</a>
								</xf:if>
							</div>

							<div class="node-extra-row">
								<ul class="listInline listInline--bullet">
									<li><xf:date time="{$extras.last_post_date}" class="node-extra-date" /></li>
									<xf:if is="$xf.visitor.isIgnoring($extras.last_post_user_id)">
										<li class="node-extra-user">{{ phrase('ignored_member') }}</li>
									<xf:else />
										<li class="node-extra-user"><xf:username user="{$extras.LastPostUser}" defaultname="{$extras.last_post_username}" /></li>
									</xf:if>
								</ul>
							</div>
						<xf:else />
							<span class="node-extra-placeholder">{{ phrase('private') }}</span>
						</xf:if>
					<xf:else />
						<span class="node-extra-placeholder">{{ phrase('none') }}</span>
					</xf:if>
				</div>
			</div>

			<div class="node-main js-nodeMain">
				<xf:set var="$descriptionDisplay" value="{{ property('nodeListDescriptionDisplay') }}" />

				<h3 class="node-title">
					<a
						href="{{ link('search-forums', $node) }}"
						data-xf-init="{{ $descriptionDisplay == 'tooltip' ? 'element-tooltip' : '' }}"
						data-shortcut="node-description">

						{$node.title}
					</a>
				</h3>

				<xf:if is="$descriptionDisplay != 'none' && $node.description">
					<div class="node-description {{ $descriptionDisplay == 'tooltip' ? 'node-description--tooltip js-nodeDescTooltip' : '' }}">
						{$node.description|raw}
					</div>
				</xf:if>

				<div class="node-meta">
					<xf:if is="$depth == 2 && property('nodeListSubDisplay') == 'menu'">
						<xf:macro template="forum_list" name="sub_nodes_menu"
							arg-children="{$children}"
							arg-childExtras="{$childExtras}"
							arg-depth="{{ $depth + 1 }}" />
					</xf:if>
				</div>

				<xf:if is="$depth == 2 && property('nodeListSubDisplay') == 'flat'">
					<xf:macro template="forum_list" name="sub_nodes_flat"
						arg-children="{$children}"
						arg-childExtras="{$childExtras}"
						arg-depth="{{ $depth + 1 }}" />
				</xf:if>
			</div>
			
			<div class="node-statsMeta">
				<xf:if is="property('dt_nodestat_simple') AND !property('dt_catstrips_minorheader')">
					<dl class="pairs pairs--inline">
						<dt><xf:fa icon="fa-comment-alt" /></dt>
						<dd>{$extras.discussion_count|number_short(1)}{{ $extras.discussion_count == $extras.max_results ? '+' : ''}}</dd>
					</dl>
				<xf:else />
					<dl class="pairs pairs--inline">
						<dt><xf:fa icon="fa-comment-alt" /></dt>
						<dd>{$extras.discussion_count|number_short(1)}{{ $extras.discussion_count == $extras.max_results ? '+' : ''}}</dd>
					</dl>

					<dl class="pairs pairs--inline">
						<dt><xf:fa icon="fa-comments-alt" /></dt>
						<dd>{$extras.message_count|number_short(1)}</dd>
					</dl>
				</xf:if>
			</div>

			<div class="node-stats">
				<xf:if is="property('dt_nodestat_simple') AND !property('dt_catstrips_minorheader')">
					<dl class="pairs pairs--rows">
						<dd>{$extras.discussion_count|number_short(1)}{{ $extras.discussion_count == $extras.max_results ? '+' : ''}}</dd>
						<dt>{{ phrase('threads') }}</dt>
					</dl>
				<xf:else />
					<dl class="pairs pairs--rows">
						<dd>{$extras.discussion_count|number_short(1)}{{ $extras.discussion_count == $extras.max_results ? '+' : ''}}</dd>
						<dt>{{ phrase('threads') }}</dt>
					</dl>

					<dl class="pairs pairs--rows">
						<dd>{$extras.message_count|number_short(1)}</dd>
						<dt>{{ phrase('messages') }}</dt>
					</dl>
				</xf:if>
			</div>
		</div>
	</div>

	<xf:if is="{$depth} == 1">
		<xf:macro template="forum_list" name="node_list"
			arg-children="{$children}"
			arg-extras="{$childExtras}"
			arg-depth="{{ $depth + 1 }}" />
	</xf:if>
</xf:macro>]]></template>
  </templates>
  <properties>
    <property property_name="badge" group_name="misc" title="Badge" description="Badges appear to indicate a number if items requiring attention, such as unread messages in your inbox" property_type="css" value_type="" depends_on="" value_group="" display_order="20000" css_components="text,background,border,border_radius,extra" addon_id="XF">
      <value>{
    "color": "@xf-paletteColor1",
    "background-color": "@xf-paletteColor5",
    "border-radius": "50%"
}</value>
    </property>
    <property property_name="dt_catstrips_minorheader" group_name="dohthemeforum" title="Minor Header Under Category Strips" description="Displays a minor header under the category strips with sections info." property_type="value" value_type="boolean" depends_on="" value_group="Forum" display_order="18" addon_id="">
      <value>0</value>
    </property>
    <property property_name="nodeListDescriptionDisplay" group_name="nodeList" title="Description display style" description="To save vertical space, it is possible to hide node descriptions until the node title is hovered, at which point they are displayed in a tooltip" property_type="value" value_type="radio" depends_on="" value_group="" display_order="400" addon_id="XF">
      <value_parameters>tooltip={{ phrase('tooltip') }}
inline={{ phrase('inline') }}
none={{ phrase('none') }}</value_parameters>
      <value>"inline"</value>
    </property>
  </properties>
</style>
